batch_size,lambda2,lambda1,regularization,degree,dataset,method,loss,risk,l1,l2,grad_evals,epochs,time
1,0.0,0.0,none,2,nonlinear,sgd,0.8011107210671458,0.8011107210671458,0.0,0.0,0.0,0.0,0.0
1,0.0,0.0,none,2,nonlinear,sgd,0.7218097086882973,0.7218097086882973,0.0,0.0,150.0,1.0,0.001954799998202361
1,0.0,0.0,none,2,nonlinear,sgd,0.7341620931025615,0.7341620931025615,0.0,0.0,300.0,2.0,0.0038739000010536984
1,0.0,0.0,none,2,nonlinear,sgd,0.7090521196621165,0.7090521196621165,0.0,0.0,450.0,3.0,0.005797299992991611
1,0.0,0.0,none,2,nonlinear,sgd,0.6863480514959167,0.6863480514959167,0.0,0.0,600.0,4.0,0.007742699992377311
1,0.0,0.0,none,2,nonlinear,sgd,0.7997593917848214,0.7997593917848214,0.0,0.0,750.0,5.0,0.009672400003182702
1,0.0,0.0,none,2,nonlinear,sgd,0.6885963616562388,0.6885963616562388,0.0,0.0,900.0,6.0,0.011598099998082034
1,0.0,0.0,none,2,nonlinear,sgd,0.7340424250321759,0.7340424250321759,0.0,0.0,1050.0,7.0,0.013606099993921816
1,0.0,0.0,none,2,nonlinear,sgd,0.6933079766443755,0.6933079766443755,0.0,0.0,1200.0,8.0,0.015527600000496022
1,0.0,0.0,none,2,nonlinear,sgd,0.7556799386627663,0.7556799386627663,0.0,0.0,1350.0,9.0,0.017435100002330728
1,0.0,0.0,none,2,nonlinear,sgd,0.7357802980302219,0.7357802980302219,0.0,0.0,1500.0,10.0,0.01933640000061132
1,0.0,0.0,none,2,nonlinear,sgd,0.7012982166070797,0.7012982166070797,0.0,0.0,1650.0,11.0,0.02125960000557825
1,0.0,0.0,none,2,nonlinear,sgd,0.8123910937978054,0.8123910937978054,0.0,0.0,1800.0,12.0,0.02316100000462029
1,0.0,0.0,none,2,nonlinear,sgd,0.7173637761688267,0.7173637761688267,0.0,0.0,1950.0,13.0,0.025053399993339553
1,0.0,0.0,none,2,nonlinear,sgd,0.695150221999442,0.695150221999442,0.0,0.0,2100.0,14.0,0.026956899993820116
1,0.0,0.0,none,2,nonlinear,sgd,0.711528013552973,0.711528013552973,0.0,0.0,2250.0,15.0,0.028978300004382618
1,0.0,0.0,none,2,nonlinear,sgd,0.7207717773656294,0.7207717773656294,0.0,0.0,2400.0,16.0,0.030885899992426857
1,0.0,0.0,none,2,nonlinear,sgd,0.6991587648632646,0.6991587648632646,0.0,0.0,2550.0,17.0,0.03278829999908339
1,0.0,0.0,none,2,nonlinear,sgd,0.6864231322546526,0.6864231322546526,0.0,0.0,2700.0,18.0,0.03470249999372754
1,0.0,0.0,none,2,nonlinear,sgd,0.69196575101493,0.69196575101493,0.0,0.0,2850.0,19.0,0.03661389999615494
1,0.0,0.0,none,2,nonlinear,sgd,0.7173901441947252,0.7173901441947252,0.0,0.0,3000.0,20.0,0.03851589999976568
1,0.0,0.0,none,2,nonlinear,sgd,0.7115703502817365,0.7115703502817365,0.0,0.0,3150.0,21.0,0.04041839999263175
1,0.0,0.0,none,2,nonlinear,sgd,0.6937200485590389,0.6937200485590389,0.0,0.0,3300.0,22.0,0.04235190000326838
1,0.0,0.0,none,2,nonlinear,sgd,0.6916815874141852,0.6916815874141852,0.0,0.0,3450.0,23.0,0.04446780000580475
1,0.0,0.0,none,2,nonlinear,sgd,0.6929723755028977,0.6929723755028977,0.0,0.0,3600.0,24.0,0.04658579999522772
1,0.0,0.0,none,2,nonlinear,sgd,0.7036993480740745,0.7036993480740745,0.0,0.0,3750.0,25.0,0.04850299999816343
1,0.0,0.0,none,2,nonlinear,sgd,0.7515621996882106,0.7515621996882106,0.0,0.0,3900.0,26.0,0.05050430000119377
1,0.0,0.0,none,2,nonlinear,sgd,0.6877501599315572,0.6877501599315572,0.0,0.0,4050.0,27.0,0.052402100001927465
1,0.0,0.0,none,2,nonlinear,sgd,0.6990679448917033,0.6990679448917033,0.0,0.0,4200.0,28.0,0.054291899999952875
1,0.0,0.0,none,2,nonlinear,sgd,0.6927372175667303,0.6927372175667303,0.0,0.0,4350.0,29.0,0.056198699996457435
1,0.0,0.0,none,2,nonlinear,sgd,0.7087444955081476,0.7087444955081476,0.0,0.0,4500.0,30.0,0.058124999995925464
1,0.0,0.0,none,2,nonlinear,sgd,0.6958888379550384,0.6958888379550384,0.0,0.0,4650.0,31.0,0.060050999993109144
1,0.0,0.0,none,2,nonlinear,sgd,0.6908742093130085,0.6908742093130085,0.0,0.0,4800.0,32.0,0.062019100005272776
1,0.0,0.0,none,2,nonlinear,sgd,0.6951123875841367,0.6951123875841367,0.0,0.0,4950.0,33.0,0.06393730000127107
1,0.0,0.0,none,2,nonlinear,sgd,0.7020199398686006,0.7020199398686006,0.0,0.0,5100.0,34.0,0.06583259999752045
1,0.0,0.0,none,2,nonlinear,sgd,0.755701961524702,0.755701961524702,0.0,0.0,5250.0,35.0,0.06772079999791458
1,0.0,0.0,none,2,nonlinear,sgd,0.7008412583970746,0.7008412583970746,0.0,0.0,5400.0,36.0,0.06962539999221917
1,0.0,0.0,none,2,nonlinear,sgd,0.694714876297161,0.694714876297161,0.0,0.0,5550.0,37.0,0.0715146000002278
1,0.0,0.0,none,2,nonlinear,sgd,0.7080958457529787,0.7080958457529787,0.0,0.0,5700.0,38.0,0.07342220000282396
1,0.0,0.0,none,2,nonlinear,sgd,0.6888870621002663,0.6888870621002663,0.0,0.0,5850.0,39.0,0.07533209999382962
1,0.0,0.0,none,2,nonlinear,sgd,0.7158101459696771,0.7158101459696771,0.0,0.0,6000.0,40.0,0.0772484000044642
1,0.0,0.0,none,2,nonlinear,sgd,0.7935651733955263,0.7935651733955263,0.0,0.0,6150.0,41.0,0.07913499999267515
1,0.0,0.0,none,2,nonlinear,sgd,0.7019037874638692,0.7019037874638692,0.0,0.0,6300.0,42.0,0.08102019999932963
1,0.0,0.0,none,2,nonlinear,sgd,0.6936149328341376,0.6936149328341376,0.0,0.0,6450.0,43.0,0.08291169999574777
1,0.0,0.0,none,2,nonlinear,sgd,0.6900846530713646,0.6900846530713646,0.0,0.0,6600.0,44.0,0.0848167999938596
1,0.0,0.0,none,2,nonlinear,sgd,0.6937412733578707,0.6937412733578707,0.0,0.0,6750.0,45.0,0.08670770000026096
1,0.0,0.0,none,2,nonlinear,sgd,0.6882555948404626,0.6882555948404626,0.0,0.0,6900.0,46.0,0.08860069999354891
1,0.0,0.0,none,2,nonlinear,sgd,0.6897364046797101,0.6897364046797101,0.0,0.0,7050.0,47.0,0.09056229999987409
1,0.0,0.0,none,2,nonlinear,sgd,0.6916252698720684,0.6916252698720684,0.0,0.0,7200.0,48.0,0.09245559999544639
1,0.0,0.0,none,2,nonlinear,sgd,0.6920123316747182,0.6920123316747182,0.0,0.0,7350.0,49.0,0.09435070000472479
1,0.0,0.0,none,2,nonlinear,sgd,0.6894867674843694,0.6894867674843694,0.0,0.0,7500.0,50.0,0.09624280000571162
1,0.0,0.0,none,2,nonlinear,sgd,0.6957164226488232,0.6957164226488232,0.0,0.0,7650.0,51.0,0.09815910000179429
1,0.0,0.0,none,2,nonlinear,sgd,0.6872553939271645,0.6872553939271645,0.0,0.0,7800.0,52.0,0.10005140000430401
1,0.0,0.0,none,2,nonlinear,sgd,0.6876554666580073,0.6876554666580073,0.0,0.0,7950.0,53.0,0.10194530000444502
1,0.0,0.0,none,2,nonlinear,sgd,0.733011510818703,0.733011510818703,0.0,0.0,8100.0,54.0,0.10385600000154227
1,0.0,0.0,none,2,nonlinear,sgd,0.6916115100294355,0.6916115100294355,0.0,0.0,8250.0,55.0,0.10574600000109058
1,0.0,0.0,none,2,nonlinear,sgd,0.6978300409678068,0.6978300409678068,0.0,0.0,8400.0,56.0,0.10774550000496674
1,0.0,0.0,none,2,nonlinear,sgd,0.7309381770056685,0.7309381770056685,0.0,0.0,8550.0,57.0,0.10974509999505244
1,0.0,0.0,none,2,nonlinear,sgd,0.746384703260728,0.746384703260728,0.0,0.0,8700.0,58.0,0.11166110000340268
1,0.0,0.0,none,2,nonlinear,sgd,0.6917231602460507,0.6917231602460507,0.0,0.0,8850.0,59.0,0.11355749999347609
1,0.0,0.0,none,2,nonlinear,sgd,0.7227490165464853,0.7227490165464853,0.0,0.0,9000.0,60.0,0.1154575999971712
1,0.0,0.0,none,2,nonlinear,sgd,0.6925395986033279,0.6925395986033279,0.0,0.0,9150.0,61.0,0.11734630000137258
1,0.0,0.0,none,2,nonlinear,sgd,0.7013549226291161,0.7013549226291161,0.0,0.0,9300.0,62.0,0.11926880000100937
1,0.0,0.0,none,2,nonlinear,sgd,0.6883542721959094,0.6883542721959094,0.0,0.0,9450.0,63.0,0.12115819999598898
1,0.0,0.0,none,2,nonlinear,sgd,0.6956556625028864,0.6956556625028864,0.0,0.0,9600.0,64.0,0.1231017999962205
1,0.0,0.0,none,2,nonlinear,sgd,0.6973605371925932,0.6973605371925932,0.0,0.0,9750.0,65.0,0.12501469999551773
1,0.0,0.0,none,2,nonlinear,sgd,0.6931165362595073,0.6931165362595073,0.0,0.0,9900.0,66.0,0.1269118000054732
1,0.0,0.0,none,2,nonlinear,sgd,0.6866251906682125,0.6866251906682125,0.0,0.0,10050.0,67.0,0.12880560000485275
1,0.0,0.0,none,2,nonlinear,sgd,0.7072373097080369,0.7072373097080369,0.0,0.0,10200.0,68.0,0.13069849999737926
1,0.0,0.0,none,2,nonlinear,sgd,0.6910849074759494,0.6910849074759494,0.0,0.0,10350.0,69.0,0.13260529999388382
1,0.0,0.0,none,2,nonlinear,sgd,0.6888993791135859,0.6888993791135859,0.0,0.0,10500.0,70.0,0.13451429999258835
1,0.0,0.0,none,2,nonlinear,sgd,0.7042635122725636,0.7042635122725636,0.0,0.0,10650.0,71.0,0.1364144999970449
1,0.0,0.0,none,2,nonlinear,sgd,0.7043606307430788,0.7043606307430788,0.0,0.0,10800.0,72.0,0.1386592000053497
1,0.0,0.0,none,2,nonlinear,sgd,0.7143591490329549,0.7143591490329549,0.0,0.0,10950.0,73.0,0.14091820000612643
1,0.0,0.0,none,2,nonlinear,sgd,0.7149218542737509,0.7149218542737509,0.0,0.0,11100.0,74.0,0.14282059999823105
1,0.0,0.0,none,2,nonlinear,sgd,0.6996467628837237,0.6996467628837237,0.0,0.0,11250.0,75.0,0.14470950000395533
1,0.0,0.0,none,2,nonlinear,sgd,0.6968147788637883,0.6968147788637883,0.0,0.0,11400.0,76.0,0.1466189999919152
1,0.0,0.0,none,2,nonlinear,sgd,0.7193762350987262,0.7193762350987262,0.0,0.0,11550.0,77.0,0.14852190000237897
1,0.0,0.0,none,2,nonlinear,sgd,0.724471345655816,0.724471345655816,0.0,0.0,11700.0,78.0,0.15040800000133459
1,0.0,0.0,none,2,nonlinear,sgd,0.6866448838184287,0.6866448838184287,0.0,0.0,11850.0,79.0,0.15229620000172872
1,0.0,0.0,none,2,nonlinear,sgd,0.6989202770088342,0.6989202770088342,0.0,0.0,12000.0,80.0,0.15432299999520183
1,0.0,0.0,none,2,nonlinear,sgd,0.6955288061150401,0.6955288061150401,0.0,0.0,12150.0,81.0,0.15623019999475218
1,0.0,0.0,none,2,nonlinear,sgd,0.6869652812114257,0.6869652812114257,0.0,0.0,12300.0,82.0,0.1581294999923557
1,0.0,0.0,none,2,nonlinear,sgd,0.6865247371455901,0.6865247371455901,0.0,0.0,12450.0,83.0,0.1600404999917373
1,0.0,0.0,none,2,nonlinear,sgd,0.6933008475046372,0.6933008475046372,0.0,0.0,12600.0,84.0,0.16194469999754801
1,0.0,0.0,none,2,nonlinear,sgd,0.6913460009943427,0.6913460009943427,0.0,0.0,12750.0,85.0,0.16384710000420455
1,0.0,0.0,none,2,nonlinear,sgd,0.7279173393182128,0.7279173393182128,0.0,0.0,12900.0,86.0,0.16574529999343213
1,0.0,0.0,none,2,nonlinear,sgd,0.7045356977074158,0.7045356977074158,0.0,0.0,13050.0,87.0,0.16766769999230746
1,0.0,0.0,none,2,nonlinear,sgd,0.6930785278436346,0.6930785278436346,0.0,0.0,13200.0,88.0,0.16965510000591166
1,0.0,0.0,none,2,nonlinear,sgd,0.7006812148033095,0.7006812148033095,0.0,0.0,13350.0,89.0,0.1715600000025006
1,0.0,0.0,none,2,nonlinear,sgd,0.689108293212817,0.689108293212817,0.0,0.0,13500.0,90.0,0.17347609999706037
1,0.0,0.0,none,2,nonlinear,sgd,0.696429748767359,0.696429748767359,0.0,0.0,13650.0,91.0,0.1753807999921264
1,0.0,0.0,none,2,nonlinear,sgd,0.686200164616419,0.686200164616419,0.0,0.0,13800.0,92.0,0.17727780000132043
1,0.0,0.0,none,2,nonlinear,sgd,0.6967484870937715,0.6967484870937715,0.0,0.0,13950.0,93.0,0.17918180000560824
1,0.0,0.0,none,2,nonlinear,sgd,0.6966311866883058,0.6966311866883058,0.0,0.0,14100.0,94.0,0.18109220000042114
1,0.0,0.0,none,2,nonlinear,sgd,0.6859794016948917,0.6859794016948917,0.0,0.0,14250.0,95.0,0.18299289999413304
1,0.0,0.0,none,2,nonlinear,sgd,0.6954991534624961,0.6954991534624961,0.0,0.0,14400.0,96.0,0.18496460000460502
1,0.0,0.0,none,2,nonlinear,sgd,0.6875039853641864,0.6875039853641864,0.0,0.0,14550.0,97.0,0.186873700004071
1,0.0,0.0,none,2,nonlinear,sgd,0.6895431597557437,0.6895431597557437,0.0,0.0,14700.0,98.0,0.1887910999939777
1,0.0,0.0,none,2,nonlinear,sgd,0.6908129538815115,0.6908129538815115,0.0,0.0,14850.0,99.0,0.19069249999301974
1,0.0,0.0,none,2,nonlinear,sgd,0.7013774749234316,0.7013774749234316,0.0,0.0,15000.0,100.0,0.1925891999999294
1,0.0,0.0,none,2,nonlinear,sgd,0.6886191746821357,0.6886191746821357,0.0,0.0,15150.0,101.0,0.19450889999279752
1,0.0,0.0,none,2,nonlinear,sgd,0.6977432502676271,0.6977432502676271,0.0,0.0,15300.0,102.0,0.19640420000359882
1,0.0,0.0,none,2,nonlinear,sgd,0.6860140382389976,0.6860140382389976,0.0,0.0,15450.0,103.0,0.19830000000365544
1,0.0,0.0,none,2,nonlinear,sgd,0.6908679688166132,0.6908679688166132,0.0,0.0,15600.0,104.0,0.20019370000227354
1,0.0,0.0,none,2,nonlinear,sgd,0.6865001149232071,0.6865001149232071,0.0,0.0,15750.0,105.0,0.2022028999926988
1,0.0,0.0,none,2,nonlinear,sgd,0.6977465335451363,0.6977465335451363,0.0,0.0,15900.0,106.0,0.20410760000231676
1,0.0,0.0,none,2,nonlinear,sgd,0.6926458591223486,0.6926458591223486,0.0,0.0,16050.0,107.0,0.2060042999946745
1,0.0,0.0,none,2,nonlinear,sgd,0.687514169201833,0.687514169201833,0.0,0.0,16200.0,108.0,0.20790110000234563
1,0.0,0.0,none,2,nonlinear,sgd,0.6872861869703617,0.6872861869703617,0.0,0.0,16350.0,109.0,0.20983009999326896
1,0.0,0.0,none,2,nonlinear,sgd,0.6862504082664234,0.6862504082664234,0.0,0.0,16500.0,110.0,0.21172720000322443
1,0.0,0.0,none,2,nonlinear,sgd,0.6897408352147464,0.6897408352147464,0.0,0.0,16650.0,111.0,0.21362239999871235
1,0.0,0.0,none,2,nonlinear,sgd,0.6907856639430091,0.6907856639430091,0.0,0.0,16800.0,112.0,0.21554429999378044
1,0.0,0.0,none,2,nonlinear,sgd,0.6919628913739524,0.6919628913739524,0.0,0.0,16950.0,113.0,0.2175444000022253
1,0.0,0.0,none,2,nonlinear,sgd,0.6918706404278491,0.6918706404278491,0.0,0.0,17100.0,114.0,0.21944729999813717
1,0.0,0.0,none,2,nonlinear,sgd,0.6893569225059688,0.6893569225059688,0.0,0.0,17250.0,115.0,0.2213361000031
1,0.0,0.0,none,2,nonlinear,sgd,0.6874333132199653,0.6874333132199653,0.0,0.0,17400.0,116.0,0.22325110000383575
1,0.0,0.0,none,2,nonlinear,sgd,0.6912915065012136,0.6912915065012136,0.0,0.0,17550.0,117.0,0.2251475999946706
1,0.0,0.0,none,2,nonlinear,sgd,0.6890531348715753,0.6890531348715753,0.0,0.0,17700.0,118.0,0.2270416999963345
1,0.0,0.0,none,2,nonlinear,sgd,0.7103927941540266,0.7103927941540266,0.0,0.0,17850.0,119.0,0.2289576000039233
1,0.0,0.0,none,2,nonlinear,sgd,0.6872434497340696,0.6872434497340696,0.0,0.0,18000.0,120.0,0.23085819999687374
1,0.0,0.0,none,2,nonlinear,sgd,0.6878816272549322,0.6878816272549322,0.0,0.0,18150.0,121.0,0.23282590000599157
1,0.0,0.0,none,2,nonlinear,sgd,0.6949101223734162,0.6949101223734162,0.0,0.0,18300.0,122.0,0.23473650000232738
1,0.0,0.0,none,2,nonlinear,sgd,0.6863893784462552,0.6863893784462552,0.0,0.0,18450.0,123.0,0.23665880000044126
1,0.0,0.0,none,2,nonlinear,sgd,0.6892043431499747,0.6892043431499747,0.0,0.0,18600.0,124.0,0.23855579999508336
1,0.0,0.0,none,2,nonlinear,sgd,0.6858535321196301,0.6858535321196301,0.0,0.0,18750.0,125.0,0.24044569999387022
1,0.0,0.0,none,2,nonlinear,sgd,0.6869501226427078,0.6869501226427078,0.0,0.0,18900.0,126.0,0.2423304999974789
1,0.0,0.0,none,2,nonlinear,sgd,0.6878742670212433,0.6878742670212433,0.0,0.0,19050.0,127.0,0.24425000000337604
1,0.0,0.0,none,2,nonlinear,sgd,0.7000330917634857,0.7000330917634857,0.0,0.0,19200.0,128.0,0.24614529999962542
1,0.0,0.0,none,2,nonlinear,sgd,0.6936371952305652,0.6936371952305652,0.0,0.0,19350.0,129.0,0.2481435999943642
1,0.0,0.0,none,2,nonlinear,sgd,0.690795510277587,0.690795510277587,0.0,0.0,19500.0,130.0,0.2500737999944249
1,0.0,0.0,none,2,nonlinear,sgd,0.6860806434204062,0.6860806434204062,0.0,0.0,19650.0,131.0,0.25197519999346696
1,0.0,0.0,none,2,nonlinear,sgd,0.6898793039109501,0.6898793039109501,0.0,0.0,19800.0,132.0,0.2538709999935236
1,0.0,0.0,none,2,nonlinear,sgd,0.6911019526339667,0.6911019526339667,0.0,0.0,19950.0,133.0,0.25577370000246447
1,0.0,0.0,none,2,nonlinear,sgd,0.6886452577832838,0.6886452577832838,0.0,0.0,20100.0,134.0,0.25778729999728967
1,0.0,0.0,none,2,nonlinear,sgd,0.6863756040312804,0.6863756040312804,0.0,0.0,20250.0,135.0,0.2596888999978546
1,0.0,0.0,none,2,nonlinear,sgd,0.6916998818578196,0.6916998818578196,0.0,0.0,20400.0,136.0,0.2616012999933446
1,0.0,0.0,none,2,nonlinear,sgd,0.6862268233259562,0.6862268233259562,0.0,0.0,20550.0,137.0,0.2635651000018697
1,0.0,0.0,none,2,nonlinear,sgd,0.6885430573326465,0.6885430573326465,0.0,0.0,20700.0,138.0,0.2654580999951577
1,0.0,0.0,none,2,nonlinear,sgd,0.6908221851243016,0.6908221851243016,0.0,0.0,20850.0,139.0,0.26734389999182895
1,0.0,0.0,none,2,nonlinear,sgd,0.6925946546225941,0.6925946546225941,0.0,0.0,21000.0,140.0,0.2692302999930689
1,0.0,0.0,none,2,nonlinear,sgd,0.6897471360120532,0.6897471360120532,0.0,0.0,21150.0,141.0,0.27113870000175666
1,0.0,0.0,none,2,nonlinear,sgd,0.6884930901439761,0.6884930901439761,0.0,0.0,21300.0,142.0,0.2731142999982694
1,0.0,0.0,none,2,nonlinear,sgd,0.686279413682355,0.686279413682355,0.0,0.0,21450.0,143.0,0.2750376000039978
1,0.0,0.0,none,2,nonlinear,sgd,0.6945009315546287,0.6945009315546287,0.0,0.0,21600.0,144.0,0.2769339999940712
1,0.0,0.0,none,2,nonlinear,sgd,0.6879940388168452,0.6879940388168452,0.0,0.0,21750.0,145.0,0.2788983999926131
1,0.0,0.0,none,2,nonlinear,sgd,0.6871104635577374,0.6871104635577374,0.0,0.0,21900.0,146.0,0.2807944999949541
1,0.0,0.0,none,2,nonlinear,sgd,0.6945315015733493,0.6945315015733493,0.0,0.0,22050.0,147.0,0.28267939999932423
1,0.0,0.0,none,2,nonlinear,sgd,0.6992902670455493,0.6992902670455493,0.0,0.0,22200.0,148.0,0.284601899998961
1,0.0,0.0,none,2,nonlinear,sgd,0.68614322664895,0.68614322664895,0.0,0.0,22350.0,149.0,0.28651689999969676
1,0.0,0.0,none,2,nonlinear,sgd,0.6915532416694579,0.6915532416694579,0.0,0.0,22500.0,150.0,0.2884316999989096
1,0.0,0.0,none,2,nonlinear,sgd,0.6938736196768492,0.6938736196768492,0.0,0.0,22650.0,151.0,0.2903303000057349
1,0.0,0.0,none,2,nonlinear,sgd,0.6874248279727484,0.6874248279727484,0.0,0.0,22800.0,152.0,0.29231619999336544
1,0.0,0.0,none,2,nonlinear,sgd,0.6865828066579773,0.6865828066579773,0.0,0.0,22950.0,153.0,0.29422060000069905
1,0.0,0.0,none,2,nonlinear,sgd,0.6873312979088386,0.6873312979088386,0.0,0.0,23100.0,154.0,0.2961180999991484
1,0.0,0.0,none,2,nonlinear,sgd,0.6923025654277571,0.6923025654277571,0.0,0.0,23250.0,155.0,0.29801169999700505
1,0.0,0.0,none,2,nonlinear,sgd,0.686883702022359,0.686883702022359,0.0,0.0,23400.0,156.0,0.29993340000510216
1,0.0,0.0,none,2,nonlinear,sgd,0.6909553247181278,0.6909553247181278,0.0,0.0,23550.0,157.0,0.3018322999996599
1,0.0,0.0,none,2,nonlinear,sgd,0.701318050144769,0.701318050144769,0.0,0.0,23700.0,158.0,0.3037305000034394
1,0.0,0.0,none,2,nonlinear,sgd,0.6903177955738268,0.6903177955738268,0.0,0.0,23850.0,159.0,0.3056439999927534
1,0.0,0.0,none,2,nonlinear,sgd,0.6862562992135021,0.6862562992135021,0.0,0.0,24000.0,160.0,0.3076604999951087
1,0.0,0.0,none,2,nonlinear,sgd,0.6865996948182425,0.6865996948182425,0.0,0.0,24150.0,161.0,0.30957490000582766
1,0.0,0.0,none,2,nonlinear,sgd,0.6860374918138192,0.6860374918138192,0.0,0.0,24300.0,162.0,0.3114774999994552
1,0.0,0.0,none,2,nonlinear,sgd,0.6904760469472672,0.6904760469472672,0.0,0.0,24450.0,163.0,0.3133938999962993
1,0.0,0.0,none,2,nonlinear,sgd,0.6876972844118044,0.6876972844118044,0.0,0.0,24600.0,164.0,0.3152836999943247
1,0.0,0.0,none,2,nonlinear,sgd,0.6876252432396647,0.6876252432396647,0.0,0.0,24750.0,165.0,0.31718670000554994
1,0.0,0.0,none,2,nonlinear,sgd,0.6988370179460096,0.6988370179460096,0.0,0.0,24900.0,166.0,0.3192008000041824
1,0.0,0.0,none,2,nonlinear,sgd,0.6922763868756162,0.6922763868756162,0.0,0.0,25050.0,167.0,0.321105399998487
1,0.0,0.0,none,2,nonlinear,sgd,0.6870143480612599,0.6870143480612599,0.0,0.0,25200.0,168.0,0.32305320000159554
1,0.0,0.0,none,2,nonlinear,sgd,0.6882062322724581,0.6882062322724581,0.0,0.0,25350.0,169.0,0.32495470000139903
1,0.0,0.0,none,2,nonlinear,sgd,0.6949490233915125,0.6949490233915125,0.0,0.0,25500.0,170.0,0.3268677000014577
1,0.0,0.0,none,2,nonlinear,sgd,0.6865510894647133,0.6865510894647133,0.0,0.0,25650.0,171.0,0.32876910000049975
1,0.0,0.0,none,2,nonlinear,sgd,0.6878438401787723,0.6878438401787723,0.0,0.0,25800.0,172.0,0.33067019999725744
1,0.0,0.0,none,2,nonlinear,sgd,0.6862271438690914,0.6862271438690914,0.0,0.0,25950.0,173.0,0.33257980000053067
1,0.0,0.0,none,2,nonlinear,sgd,0.6885340078234554,0.6885340078234554,0.0,0.0,26100.0,174.0,0.3345518999994965
1,0.0,0.0,none,2,nonlinear,sgd,0.6989823968149376,0.6989823968149376,0.0,0.0,26250.0,175.0,0.3364536000008229
1,0.0,0.0,none,2,nonlinear,sgd,0.6870340626818633,0.6870340626818633,0.0,0.0,26400.0,176.0,0.33834570000180975
1,0.0,0.0,none,2,nonlinear,sgd,0.6886371632430163,0.6886371632430163,0.0,0.0,26550.0,177.0,0.3402561999973841
1,0.0,0.0,none,2,nonlinear,sgd,0.6949996169388406,0.6949996169388406,0.0,0.0,26700.0,178.0,0.3421576999971876
1,0.0,0.0,none,2,nonlinear,sgd,0.6860844468129433,0.6860844468129433,0.0,0.0,26850.0,179.0,0.3440598000015598
1,0.0,0.0,none,2,nonlinear,sgd,0.6868510681219689,0.6868510681219689,0.0,0.0,27000.0,180.0,0.34595279999484774
1,0.0,0.0,none,2,nonlinear,sgd,0.6862388059186002,0.6862388059186002,0.0,0.0,27150.0,181.0,0.3478721999999834
1,0.0,0.0,none,2,nonlinear,sgd,0.6865384845968253,0.6865384845968253,0.0,0.0,27300.0,182.0,0.34976969999843277
1,0.0,0.0,none,2,nonlinear,sgd,0.687651169971267,0.687651169971267,0.0,0.0,27450.0,183.0,0.351726900000358
1,0.0,0.0,none,2,nonlinear,sgd,0.6858490470140091,0.6858490470140091,0.0,0.0,27600.0,184.0,0.3536261999979615
1,0.0,0.0,none,2,nonlinear,sgd,0.6911254460759388,0.6911254460759388,0.0,0.0,27750.0,185.0,0.35565569999744184
1,0.0,0.0,none,2,nonlinear,sgd,0.6861113991449236,0.6861113991449236,0.0,0.0,27900.0,186.0,0.357560000004014
1,0.0,0.0,none,2,nonlinear,sgd,0.6903404982990634,0.6903404982990634,0.0,0.0,28050.0,187.0,0.3594541000056779
1,0.0,0.0,none,2,nonlinear,sgd,0.6872260007026592,0.6872260007026592,0.0,0.0,28200.0,188.0,0.36136189999524504
1,0.0,0.0,none,2,nonlinear,sgd,0.6899026347646446,0.6899026347646446,0.0,0.0,28350.0,189.0,0.3632683000032557
1,0.0,0.0,none,2,nonlinear,sgd,0.6869349015767015,0.6869349015767015,0.0,0.0,28500.0,190.0,0.3651780999934999
1,0.0,0.0,none,2,nonlinear,sgd,0.6873980241983251,0.6873980241983251,0.0,0.0,28650.0,191.0,0.36716470000101253
1,0.0,0.0,none,2,nonlinear,sgd,0.7065333377057799,0.7065333377057799,0.0,0.0,28800.0,192.0,0.3690972000040347
1,0.0,0.0,none,2,nonlinear,sgd,0.6869251249114483,0.6869251249114483,0.0,0.0,28950.0,193.0,0.3709995999961393
1,0.0,0.0,none,2,nonlinear,sgd,0.6871153638093306,0.6871153638093306,0.0,0.0,29100.0,194.0,0.3729003000044031
1,0.0,0.0,none,2,nonlinear,sgd,0.6863291217433065,0.6863291217433065,0.0,0.0,29250.0,195.0,0.37482850000378676
1,0.0,0.0,none,2,nonlinear,sgd,0.689953704867359,0.689953704867359,0.0,0.0,29400.0,196.0,0.37673079999512993
1,0.0,0.0,none,2,nonlinear,sgd,0.6879127962565408,0.6879127962565408,0.0,0.0,29550.0,197.0,0.3786285999958636
1,0.0,0.0,none,2,nonlinear,sgd,0.6899153598594115,0.6899153598594115,0.0,0.0,29700.0,198.0,0.38053179999405984
1,0.0,0.0,none,2,nonlinear,sgd,0.6859809698104419,0.6859809698104419,0.0,0.0,29850.0,199.0,0.3825304000056349
1,0.0,0.0,none,2,nonlinear,sgd,0.686549232472829,0.686549232472829,0.0,0.0,30000.0,200.0,0.38444090000120923
1,0.0,0.0,none,2,nonlinear,sgd,0.6868813777376523,0.6868813777376523,0.0,0.0,30150.0,201.0,0.38634539999475237
1,0.0,0.0,none,2,nonlinear,sgd,0.6872581845503415,0.6872581845503415,0.0,0.0,30300.0,202.0,0.3882549999980256
1,0.0,0.0,none,2,nonlinear,sgd,0.6864010885243759,0.6864010885243759,0.0,0.0,30450.0,203.0,0.39017210000019986
1,0.0,0.0,none,2,nonlinear,sgd,0.6868378939480382,0.6868378939480382,0.0,0.0,30600.0,204.0,0.392073299997719
1,0.0,0.0,none,2,nonlinear,sgd,0.6887747563746731,0.6887747563746731,0.0,0.0,30750.0,205.0,0.3939712999999756
1,0.0,0.0,none,2,nonlinear,sgd,0.6919831316243703,0.6919831316243703,0.0,0.0,30900.0,206.0,0.39589109999360517
1,0.0,0.0,none,2,nonlinear,sgd,0.6863026485870388,0.6863026485870388,0.0,0.0,31050.0,207.0,0.39811929999268614
1,0.0,0.0,none,2,nonlinear,sgd,0.6876252809255446,0.6876252809255446,0.0,0.0,31200.0,208.0,0.40014139999402687
1,0.0,0.0,none,2,nonlinear,sgd,0.6866110998993725,0.6866110998993725,0.0,0.0,31350.0,209.0,0.40333129999635275
1,0.0,0.0,none,2,nonlinear,sgd,0.6869527314020856,0.6869527314020856,0.0,0.0,31500.0,210.0,0.40701359999366105
1,0.0,0.0,none,2,nonlinear,sgd,0.6970435051633,0.6970435051633,0.0,0.0,31650.0,211.0,0.40919900000153575
1,0.0,0.0,none,2,nonlinear,sgd,0.686915182586917,0.686915182586917,0.0,0.0,31800.0,212.0,0.4111290000000736
1,0.0,0.0,none,2,nonlinear,sgd,0.6860213789245692,0.6860213789245692,0.0,0.0,31950.0,213.0,0.413079399993876
1,0.0,0.0,none,2,nonlinear,sgd,0.6910417912059527,0.6910417912059527,0.0,0.0,32100.0,214.0,0.41538150000269525
1,0.0,0.0,none,2,nonlinear,sgd,0.6886008662724389,0.6886008662724389,0.0,0.0,32250.0,215.0,0.41730079999251757
1,0.0,0.0,none,2,nonlinear,sgd,0.6862390581148932,0.6862390581148932,0.0,0.0,32400.0,216.0,0.41919770000095014
1,0.0,0.0,none,2,nonlinear,sgd,0.689410559834736,0.689410559834736,0.0,0.0,32550.0,217.0,0.4210884999920381
1,0.0,0.0,none,2,nonlinear,sgd,0.6868951547545152,0.6868951547545152,0.0,0.0,32700.0,218.0,0.4229765999916708
1,0.0,0.0,none,2,nonlinear,sgd,0.686817463258961,0.686817463258961,0.0,0.0,32850.0,219.0,0.4248881999956211
1,0.0,0.0,none,2,nonlinear,sgd,0.6863758304064792,0.6863758304064792,0.0,0.0,33000.0,220.0,0.42678340000566095
1,0.0,0.0,none,2,nonlinear,sgd,0.6859420958307921,0.6859420958307921,0.0,0.0,33150.0,221.0,0.4286722999968333
1,0.0,0.0,none,2,nonlinear,sgd,0.686445408088539,0.686445408088539,0.0,0.0,33300.0,222.0,0.4306700000015553
1,0.0,0.0,none,2,nonlinear,sgd,0.6891127825468253,0.6891127825468253,0.0,0.0,33450.0,223.0,0.43257530000119004
1,0.0,0.0,none,2,nonlinear,sgd,0.6862788909479072,0.6862788909479072,0.0,0.0,33600.0,224.0,0.4344691000005696
1,0.0,0.0,none,2,nonlinear,sgd,0.6866119121855493,0.6866119121855493,0.0,0.0,33750.0,225.0,0.43636599999445025
1,0.0,0.0,none,2,nonlinear,sgd,0.6921400320782325,0.6921400320782325,0.0,0.0,33900.0,226.0,0.43828319999738596
1,0.0,0.0,none,2,nonlinear,sgd,0.6864357724698955,0.6864357724698955,0.0,0.0,34050.0,227.0,0.44017829999211244
1,0.0,0.0,none,2,nonlinear,sgd,0.6861689331326742,0.6861689331326742,0.0,0.0,34200.0,228.0,0.4420682000054512
1,0.0,0.0,none,2,nonlinear,sgd,0.6873503209871122,0.6873503209871122,0.0,0.0,34350.0,229.0,0.4439582000049995
1,0.0,0.0,none,2,nonlinear,sgd,0.686789088899996,0.686789088899996,0.0,0.0,34500.0,230.0,0.4459530000021914
1,0.0,0.0,none,2,nonlinear,sgd,0.6877104568387544,0.6877104568387544,0.0,0.0,34650.0,231.0,0.44785500000580214
1,0.0,0.0,none,2,nonlinear,sgd,0.6859729684984311,0.6859729684984311,0.0,0.0,34800.0,232.0,0.4497468000045046
1,0.0,0.0,none,2,nonlinear,sgd,0.6926402670448586,0.6926402670448586,0.0,0.0,34950.0,233.0,0.451663700005156
1,0.0,0.0,none,2,nonlinear,sgd,0.6859045123215359,0.6859045123215359,0.0,0.0,35100.0,234.0,0.4535462999920128
1,0.0,0.0,none,2,nonlinear,sgd,0.6874206145297491,0.6874206145297491,0.0,0.0,35250.0,235.0,0.45543829999223817
1,0.0,0.0,none,2,nonlinear,sgd,0.6861200202674308,0.6861200202674308,0.0,0.0,35400.0,236.0,0.4573245999927167
1,0.0,0.0,none,2,nonlinear,sgd,0.6861703326790193,0.6861703326790193,0.0,0.0,35550.0,237.0,0.45923670000047423
1,0.0,0.0,none,2,nonlinear,sgd,0.685961628448956,0.685961628448956,0.0,0.0,35700.0,238.0,0.4612113000039244
1,0.0,0.0,none,2,nonlinear,sgd,0.6873274052538716,0.6873274052538716,0.0,0.0,35850.0,239.0,0.4631236999994144
1,0.0,0.0,none,2,nonlinear,sgd,0.6870108433641547,0.6870108433641547,0.0,0.0,36000.0,240.0,0.4650688999972772
1,0.0,0.0,none,2,nonlinear,sgd,0.685984425650624,0.685984425650624,0.0,0.0,36150.0,241.0,0.4669811999920057
1,0.0,0.0,none,2,nonlinear,sgd,0.6865085005277761,0.6865085005277761,0.0,0.0,36300.0,242.0,0.4688847999932477
1,0.0,0.0,none,2,nonlinear,sgd,0.686255242721534,0.686255242721534,0.0,0.0,36450.0,243.0,0.47079870000015944
1,0.0,0.0,none,2,nonlinear,sgd,0.6868702327372859,0.6868702327372859,0.0,0.0,36600.0,244.0,0.4727126999932807
1,0.0,0.0,none,2,nonlinear,sgd,0.6864064283040238,0.6864064283040238,0.0,0.0,36750.0,245.0,0.47461740000289865
1,0.0,0.0,none,2,nonlinear,sgd,0.6867640740740899,0.6867640740740899,0.0,0.0,36900.0,246.0,0.4765175999928033
1,0.0,0.0,none,2,nonlinear,sgd,0.6914257750779823,0.6914257750779823,0.0,0.0,37050.0,247.0,0.47846640000352636
1,0.0,0.0,none,2,nonlinear,sgd,0.6866619754636617,0.6866619754636617,0.0,0.0,37200.0,248.0,0.48040440000477247
1,0.0,0.0,none,2,nonlinear,sgd,0.6873988737547152,0.6873988737547152,0.0,0.0,37350.0,249.0,0.48231700000178535
1,0.0,0.0,none,2,nonlinear,sgd,0.6885474019786221,0.6885474019786221,0.0,0.0,37500.0,250.0,0.48421729999245144
1,0.0,0.0,none,2,nonlinear,sgd,0.6897525934934733,0.6897525934934733,0.0,0.0,37650.0,251.0,0.48613449999538716
1,0.0,0.0,none,2,nonlinear,sgd,0.6859588654889773,0.6859588654889773,0.0,0.0,37800.0,252.0,0.48803639999823645
1,0.0,0.0,none,2,nonlinear,sgd,0.6891572881458211,0.6891572881458211,0.0,0.0,37950.0,253.0,0.4899351999920327
1,0.0,0.0,none,2,nonlinear,sgd,0.6863883454708578,0.6863883454708578,0.0,0.0,38100.0,254.0,0.4918312999943737
1,0.0,0.0,none,2,nonlinear,sgd,0.6862381162125202,0.6862381162125202,0.0,0.0,38250.0,255.0,0.4938242999924114
1,0.0,0.0,none,2,nonlinear,sgd,0.6868956784398731,0.6868956784398731,0.0,0.0,38400.0,256.0,0.4957307000004221
1,0.0,0.0,none,2,nonlinear,sgd,0.6860659249900454,0.6860659249900454,0.0,0.0,38550.0,257.0,0.4976206999999704
1,0.0,0.0,none,2,nonlinear,sgd,0.6886956517597561,0.6886956517597561,0.0,0.0,38700.0,258.0,0.49951310000324156
1,0.0,0.0,none,2,nonlinear,sgd,0.6861728464342755,0.6861728464342755,0.0,0.0,38850.0,259.0,0.5014291999978013
1,0.0,0.0,none,2,nonlinear,sgd,0.6859495992601459,0.6859495992601459,0.0,0.0,39000.0,260.0,0.5033305999968434
1,0.0,0.0,none,2,nonlinear,sgd,0.6871494580329259,0.6871494580329259,0.0,0.0,39150.0,261.0,0.5052286999998614
1,0.0,0.0,none,2,nonlinear,sgd,0.6867796535832171,0.6867796535832171,0.0,0.0,39300.0,262.0,0.5071460000035586
1,0.0,0.0,none,2,nonlinear,sgd,0.6902546435011885,0.6902546435011885,0.0,0.0,39450.0,263.0,0.5090370999969309
1,0.0,0.0,none,2,nonlinear,sgd,0.6866248867137491,0.6866248867137491,0.0,0.0,39600.0,264.0,0.5109272999980021
1,0.0,0.0,none,2,nonlinear,sgd,0.6877578924292537,0.6877578924292537,0.0,0.0,39750.0,265.0,0.5128936999972211
1,0.0,0.0,none,2,nonlinear,sgd,0.6867821175457631,0.6867821175457631,0.0,0.0,39900.0,266.0,0.5148110000009183
1,0.0,0.0,none,2,nonlinear,sgd,0.689695770040427,0.689695770040427,0.0,0.0,40050.0,267.0,0.5167016000050353
1,0.0,0.0,none,2,nonlinear,sgd,0.6860683189894508,0.6860683189894508,0.0,0.0,40200.0,268.0,0.5185996999935014
1,0.0,0.0,none,2,nonlinear,sgd,0.6869086014939603,0.6869086014939603,0.0,0.0,40350.0,269.0,0.5205212000000756
1,0.0,0.0,none,2,nonlinear,sgd,0.6901408793889567,0.6901408793889567,0.0,0.0,40500.0,270.0,0.5224302999995416
1,0.0,0.0,none,2,nonlinear,sgd,0.6882314444950115,0.6882314444950115,0.0,0.0,40650.0,271.0,0.5243312999955378
1,0.0,0.0,none,2,nonlinear,sgd,0.68589042088326,0.68589042088326,0.0,0.0,40800.0,272.0,0.5262287999939872
1,0.0,0.0,none,2,nonlinear,sgd,0.686517607540911,0.686517607540911,0.0,0.0,40950.0,273.0,0.5282151999999769
1,0.0,0.0,none,2,nonlinear,sgd,0.6871056314469487,0.6871056314469487,0.0,0.0,41100.0,274.0,0.5301123999961419
1,0.0,0.0,none,2,nonlinear,sgd,0.6897876465587615,0.6897876465587615,0.0,0.0,41250.0,275.0,0.5320049000001745
1,0.0,0.0,none,2,nonlinear,sgd,0.6878967964865866,0.6878967964865866,0.0,0.0,41400.0,276.0,0.5339056999946479
1,0.0,0.0,none,2,nonlinear,sgd,0.6870186163091616,0.6870186163091616,0.0,0.0,41550.0,277.0,0.5358257000043523
1,0.0,0.0,none,2,nonlinear,sgd,0.6867656946022325,0.6867656946022325,0.0,0.0,41700.0,278.0,0.537721300002886
1,0.0,0.0,none,2,nonlinear,sgd,0.6934877415664854,0.6934877415664854,0.0,0.0,41850.0,279.0,0.5396095000032801
1,0.0,0.0,none,2,nonlinear,sgd,0.6894769276329568,0.6894769276329568,0.0,0.0,42000.0,280.0,0.5415256999986013
1,0.0,0.0,none,2,nonlinear,sgd,0.6871879430567943,0.6871879430567943,0.0,0.0,42150.0,281.0,0.5435161999921547
1,0.0,0.0,none,2,nonlinear,sgd,0.6864334326803446,0.6864334326803446,0.0,0.0,42300.0,282.0,0.5454084999946645
1,0.0,0.0,none,2,nonlinear,sgd,0.6858468351912207,0.6858468351912207,0.0,0.0,42450.0,283.0,0.5473039999924367
1,0.0,0.0,none,2,nonlinear,sgd,0.6877428755868206,0.6877428755868206,0.0,0.0,42600.0,284.0,0.5492207999923266
1,0.0,0.0,none,2,nonlinear,sgd,0.6862724717702527,0.6862724717702527,0.0,0.0,42750.0,285.0,0.5511119000002509
1,0.0,0.0,none,2,nonlinear,sgd,0.6864439285738682,0.6864439285738682,0.0,0.0,42900.0,286.0,0.5530031999951461
1,0.0,0.0,none,2,nonlinear,sgd,0.687980695557609,0.687980695557609,0.0,0.0,43050.0,287.0,0.5548968999937642
1,0.0,0.0,none,2,nonlinear,sgd,0.6861312705458077,0.6861312705458077,0.0,0.0,43200.0,288.0,0.5568123999983072
1,0.0,0.0,none,2,nonlinear,sgd,0.6924313534647744,0.6924313534647744,0.0,0.0,43350.0,289.0,0.5587513999926159
1,0.0,0.0,none,2,nonlinear,sgd,0.6859763837875661,0.6859763837875661,0.0,0.0,43500.0,290.0,0.560708799996064
1,0.0,0.0,none,2,nonlinear,sgd,0.6894769930482285,0.6894769930482285,0.0,0.0,43650.0,291.0,0.5626306000049226
1,0.0,0.0,none,2,nonlinear,sgd,0.6866873516101891,0.6866873516101891,0.0,0.0,43800.0,292.0,0.5645284000056563
1,0.0,0.0,none,2,nonlinear,sgd,0.6881191587916611,0.6881191587916611,0.0,0.0,43950.0,293.0,0.5664189999952214
1,0.0,0.0,none,2,nonlinear,sgd,0.6886116944526594,0.6886116944526594,0.0,0.0,44100.0,294.0,0.5683262999955332
1,0.0,0.0,none,2,nonlinear,sgd,0.6897564050597299,0.6897564050597299,0.0,0.0,44250.0,295.0,0.5702405000047293
1,0.0,0.0,none,2,nonlinear,sgd,0.6866965770396493,0.6866965770396493,0.0,0.0,44400.0,296.0,0.572134999994887
1,0.0,0.0,none,2,nonlinear,sgd,0.6867447264209285,0.6867447264209285,0.0,0.0,44550.0,297.0,0.5740934999921592
1,0.0,0.0,none,2,nonlinear,sgd,0.6866020783868495,0.6866020783868495,0.0,0.0,44700.0,298.0,0.5760619999928167
1,0.0,0.0,none,2,nonlinear,sgd,0.6859345827719437,0.6859345827719437,0.0,0.0,44850.0,299.0,0.577979099994991
1,0.0,0.0,none,2,nonlinear,sgd,0.6881526713893357,0.6881526713893357,0.0,0.0,45000.0,300.0,0.5798701000021538
1,0.0,0.0,none,2,nonlinear,sgd,0.6864161706650739,0.6864161706650739,0.0,0.0,45150.0,301.0,0.5817583000025479
1,0.0,0.0,none,2,nonlinear,sgd,0.6865604451455642,0.6865604451455642,0.0,0.0,45300.0,302.0,0.583668299994315
1,0.0,0.0,none,2,nonlinear,sgd,0.6877357621693438,0.6877357621693438,0.0,0.0,45450.0,303.0,0.5855617000052007
1,0.0,0.0,none,2,nonlinear,sgd,0.6863615116741716,0.6863615116741716,0.0,0.0,45600.0,304.0,0.5874526999978116
1,0.0,0.0,none,2,nonlinear,sgd,0.6860070604299818,0.6860070604299818,0.0,0.0,45750.0,305.0,0.5893581999989692
1,0.0,0.0,none,2,nonlinear,sgd,0.6867057612462513,0.6867057612462513,0.0,0.0,45900.0,306.0,0.591263299997081
1,0.0,0.0,none,2,nonlinear,sgd,0.6866231767839448,0.6866231767839448,0.0,0.0,46050.0,307.0,0.5931452999939211
1,0.0,0.0,none,2,nonlinear,sgd,0.6877192567046476,0.6877192567046476,0.0,0.0,46200.0,308.0,0.5950367000041297
1,0.0,0.0,none,2,nonlinear,sgd,0.6860678275273298,0.6860678275273298,0.0,0.0,46350.0,309.0,0.5969431999983499
1,0.0,0.0,none,2,nonlinear,sgd,0.6861544020980339,0.6861544020980339,0.0,0.0,46500.0,310.0,0.5988266000058502
1,0.0,0.0,none,2,nonlinear,sgd,0.6891277919504136,0.6891277919504136,0.0,0.0,46650.0,311.0,0.6007071999920299
1,0.0,0.0,none,2,nonlinear,sgd,0.6870615588599925,0.6870615588599925,0.0,0.0,46800.0,312.0,0.6025924999994459
1,0.0,0.0,none,2,nonlinear,sgd,0.690342557478459,0.690342557478459,0.0,0.0,46950.0,313.0,0.6044980000006035
1,0.0,0.0,none,2,nonlinear,sgd,0.6866811968530112,0.6866811968530112,0.0,0.0,47100.0,314.0,0.6064456000021892
1,0.0,0.0,none,2,nonlinear,sgd,0.6861348269176101,0.6861348269176101,0.0,0.0,47250.0,315.0,0.6083495999919251
1,0.0,0.0,none,2,nonlinear,sgd,0.6861820326800595,0.6861820326800595,0.0,0.0,47400.0,316.0,0.6102373000030639
1,0.0,0.0,none,2,nonlinear,sgd,0.6867221621610153,0.6867221621610153,0.0,0.0,47550.0,317.0,0.6121451999933925
1,0.0,0.0,none,2,nonlinear,sgd,0.6858680408306855,0.6858680408306855,0.0,0.0,47700.0,318.0,0.6140350000059698
1,0.0,0.0,none,2,nonlinear,sgd,0.6862872291539859,0.6862872291539859,0.0,0.0,47850.0,319.0,0.6159277999977348
1,0.0,0.0,none,2,nonlinear,sgd,0.6863195096136201,0.6863195096136201,0.0,0.0,48000.0,320.0,0.6178405999962706
1,0.0,0.0,none,2,nonlinear,sgd,0.6860643991263438,0.6860643991263438,0.0,0.0,48150.0,321.0,0.6197352000017418
1,0.0,0.0,none,2,nonlinear,sgd,0.685925795242861,0.685925795242861,0.0,0.0,48300.0,322.0,0.6216992999979993
1,0.0,0.0,none,2,nonlinear,sgd,0.6898509237167908,0.6898509237167908,0.0,0.0,48450.0,323.0,0.6235905999928946
1,0.0,0.0,none,2,nonlinear,sgd,0.6872150446897075,0.6872150446897075,0.0,0.0,48600.0,324.0,0.6255078999965917
1,0.0,0.0,none,2,nonlinear,sgd,0.6904636529348801,0.6904636529348801,0.0,0.0,48750.0,325.0,0.6274074999964796
1,0.0,0.0,none,2,nonlinear,sgd,0.6870824623843916,0.6870824623843916,0.0,0.0,48900.0,326.0,0.6293052999972133
1,0.0,0.0,none,2,nonlinear,sgd,0.6859515650068151,0.6859515650068151,0.0,0.0,49050.0,327.0,0.63119669999287
1,0.0,0.0,none,2,nonlinear,sgd,0.6868629213933943,0.6868629213933943,0.0,0.0,49200.0,328.0,0.6331138999958057
1,0.0,0.0,none,2,nonlinear,sgd,0.685979477805876,0.685979477805876,0.0,0.0,49350.0,329.0,0.6350118999980623
1,0.0,0.0,none,2,nonlinear,sgd,0.6860888111949686,0.6860888111949686,0.0,0.0,49500.0,330.0,0.6370176000054926
1,0.0,0.0,none,2,nonlinear,sgd,0.6864920107877671,0.6864920107877671,0.0,0.0,49650.0,331.0,0.6389512000023387
1,0.0,0.0,none,2,nonlinear,sgd,0.6870376778734474,0.6870376778734474,0.0,0.0,49800.0,332.0,0.640857699996559
1,0.0,0.0,none,2,nonlinear,sgd,0.6860372764307975,0.6860372764307975,0.0,0.0,49950.0,333.0,0.6427473999938229
1,0.0,0.0,none,2,nonlinear,sgd,0.6862471732603506,0.6862471732603506,0.0,0.0,50100.0,334.0,0.6446404000016628
1,0.0,0.0,none,2,nonlinear,sgd,0.692156549377846,0.692156549377846,0.0,0.0,50250.0,335.0,0.6465551000001142
1,0.0,0.0,none,2,nonlinear,sgd,0.6863969564356116,0.6863969564356116,0.0,0.0,50400.0,336.0,0.6484575999929802
1,0.0,0.0,none,2,nonlinear,sgd,0.6880440454932455,0.6880440454932455,0.0,0.0,50550.0,337.0,0.6503490000031888
1,0.0,0.0,none,2,nonlinear,sgd,0.6860196070905034,0.6860196070905034,0.0,0.0,50700.0,338.0,0.652329299991834
1,0.0,0.0,none,2,nonlinear,sgd,0.6865041548413564,0.6865041548413564,0.0,0.0,50850.0,339.0,0.6543112999934237
1,0.0,0.0,none,2,nonlinear,sgd,0.6859690801240005,0.6859690801240005,0.0,0.0,51000.0,340.0,0.6562135999993188
1,0.0,0.0,none,2,nonlinear,sgd,0.685980383877031,0.685980383877031,0.0,0.0,51150.0,341.0,0.6581069999956526
1,0.0,0.0,none,2,nonlinear,sgd,0.6860543476884857,0.6860543476884857,0.0,0.0,51300.0,342.0,0.6600165999989258
1,0.0,0.0,none,2,nonlinear,sgd,0.6867219072323879,0.6867219072323879,0.0,0.0,51450.0,343.0,0.6619238999992376
1,0.0,0.0,none,2,nonlinear,sgd,0.6864316534597404,0.6864316534597404,0.0,0.0,51600.0,344.0,0.6638199000008171
1,0.0,0.0,none,2,nonlinear,sgd,0.685963196386229,0.685963196386229,0.0,0.0,51750.0,345.0,0.6657150999963051
1,0.0,0.0,none,2,nonlinear,sgd,0.6864508006653498,0.6864508006653498,0.0,0.0,51900.0,346.0,0.6676240999950096
1,0.0,0.0,none,2,nonlinear,sgd,0.6868281177921117,0.6868281177921117,0.0,0.0,52050.0,347.0,0.6695923999941442
1,0.0,0.0,none,2,nonlinear,sgd,0.6877360992698596,0.6877360992698596,0.0,0.0,52200.0,348.0,0.6714890000002924
1,0.0,0.0,none,2,nonlinear,sgd,0.6861332207834797,0.6861332207834797,0.0,0.0,52350.0,349.0,0.6734024000033969
1,0.0,0.0,none,2,nonlinear,sgd,0.6867715698850756,0.6867715698850756,0.0,0.0,52500.0,350.0,0.675303600000916
1,0.0,0.0,none,2,nonlinear,sgd,0.6867742686405197,0.6867742686405197,0.0,0.0,52650.0,351.0,0.6771984999941196
1,0.0,0.0,none,2,nonlinear,sgd,0.687070508092585,0.687070508092585,0.0,0.0,52800.0,352.0,0.679094899998745
1,0.0,0.0,none,2,nonlinear,sgd,0.6859114986812839,0.6859114986812839,0.0,0.0,52950.0,353.0,0.681016799993813
1,0.0,0.0,none,2,nonlinear,sgd,0.6902142895117251,0.6902142895117251,0.0,0.0,53100.0,354.0,0.6829226999980165
1,0.0,0.0,none,2,nonlinear,sgd,0.6868989406598196,0.6868989406598196,0.0,0.0,53250.0,355.0,0.684872700003325
1,0.0,0.0,none,2,nonlinear,sgd,0.6861463457158244,0.6861463457158244,0.0,0.0,53400.0,356.0,0.6867686000041431
1,0.0,0.0,none,2,nonlinear,sgd,0.6861588679026477,0.6861588679026477,0.0,0.0,53550.0,357.0,0.6886732999992091
1,0.0,0.0,none,2,nonlinear,sgd,0.6860362733862201,0.6860362733862201,0.0,0.0,53700.0,358.0,0.6905564000044251
1,0.0,0.0,none,2,nonlinear,sgd,0.6859361047165649,0.6859361047165649,0.0,0.0,53850.0,359.0,0.6924476999993203
1,0.0,0.0,none,2,nonlinear,sgd,0.6870742231597607,0.6870742231597607,0.0,0.0,54000.0,360.0,0.6943551000003936
